"category,name,description,is_featured,features"
"Fabric,Teardrop Wind Flag,Enhance visibility with our Teardrop Wind Flag, perfect for events, storefronts, and outdoor advertising. Its unique teardrop shape ensures maximum visibility even in low winds.,TRUE,High-visibility teardrop design,Durable, weather-resistant fabric,Easy setup with a variety of base options,Customizable with your logo or message"
"Fabric,Bow Wind Flag,The Bow Wind Flag combines style and functionality, ideal for grabbing attention at trade shows, promotions, and outdoor events. Its bow shape provides a striking and elegant display.,FALSE,Elegant bow shape for high-impact visibility,Robust, all-weather fabric,Lightweight and portable,Fully customizable for branding"
"Fabric,Fabric Flag,Our Fabric Flag offers a versatile and durable solution for promotional needs. Suitable for both indoor and outdoor use, this flag is perfect for businesses, events, and exhibitions.,TRUE,High-quality, vibrant fabric material,Various sizes and finishing options,Weather-resistant and long-lasting,Customizable printing for maximum impact"
"Fabric,Air Dancer Tube,Attract attention with the Air Dancer Tube, a dynamic advertising solution that inflates to create eye-catching movement. Ideal for grand openings, sales events, and outdoor promotions.,FALSE,Inflates and moves with air flow,Durable, weather-resistant fabric,Available in various colors and sizes,Customizable branding options"
"Fabric,Tension Fabric Wall,Create a stunning visual backdrop with our Tension Fabric Wall. Perfect for trade shows, exhibitions, and retail displays, this product features a sleek, wrinkle-free appearance.,TRUE,Tension fabric for a smooth, professional look,Easy assembly with lightweight frame,High-resolution, custom-printed graphics,Portable and easy to store"
"Fabric,Outdoor Pop-Up Frame,The Outdoor Pop-Up Frame is an ideal solution for temporary outdoor displays, offering quick setup and a sturdy frame for promotional graphics.,TRUE,Quick and easy setup,Durable, weather-resistant frame,Customizable fabric graphics,Compact and portable design"
"Fabric,Fabric Banner Stand,Showcase your brand with our Fabric Banner Stand, perfect for trade shows, events, and retail environments. The stand features a lightweight design and high-quality fabric for vibrant graphics.,FALSE,Lightweight and portable,High-quality, custom-printed fabric,Adjustable height options,Quick and easy assembly"
"Fabric,Speedy Counter,The Speedy Counter provides an efficient and stylish way to promote your brand at trade shows and events. Featuring a sleek design and easy assembly, it’s perfect for engaging customers.,TRUE,Quick setup with lightweight construction,Customizable graphics,Compact and portable,Durable and stable design"
"Fabric,Display Tex,Display Tex offers a premium fabric option for high-resolution graphics and vibrant colors. Ideal for various display applications including trade shows and exhibitions.,TRUE,High-resolution, vivid printing,Durable, wrinkle-resistant fabric,Versatile for various display formats,Easy to clean and maintain"
"Fabric,Super Twill,Super Twill fabric combines durability with a sophisticated look, making it ideal for flags, banners, and display graphics. This fabric is perfect for high-impact visuals.,FALSE,Durable, high-quality twill fabric,Excellent color retention,Ideal for indoor and outdoor use,Customizable for various applications"
"Fabric,Voile,Voile fabric offers a light and airy texture, ideal for elegant banners, window displays, and soft signage. It’s perfect for adding a touch of sophistication to any display.,TRUE,Lightweight, sheer fabric,Soft texture with vibrant color options,Suitable for both indoor and outdoor use,Customizable for various designs"
"Fabric,Ponge,Ponge fabric is a versatile, high-quality option for flags, banners, and displays. Known for its smooth finish and durability, it's ideal for creating professional-grade promotional materials.,FALSE,Smooth, high-quality finish,Durable and long-lasting,Excellent for detailed prints,Suitable for various display applications"
"Fabric,Table Cloth,Our Table Cloth is designed to enhance the appearance of your trade show or event setup. Available in various sizes and customizable with your brand's logo or design.,TRUE,High-quality, wrinkle-resistant fabric,Customizable with full-color prints,Fits standard table sizes,Easy to clean and maintain"
"Fabric,Chair Cover,Transform the look of any event with our stylish Chair Covers. Perfect for weddings, conferences, and trade shows, these covers add elegance and professionalism to your setup.,FALSE,Stretchable, wrinkle-resistant fabric,Customizable with various colors and designs,Fits most standard chair sizes,Easy to install and remove"
"Fabric,Blockout Fabric,Blockout Fabric is ideal for creating banners and displays that require complete opacity. Perfect for backdrops and signage where light-blocking is essential.,TRUE,100% opacity for complete light blocking,Durable and resistant to fading,Ideal for both indoor and outdoor use,Customizable for various display needs"
"Tent,Roof,Our Tent Roof provides essential protection from the elements, ideal for outdoor events, markets, and fairs. Constructed for durability and easy assembly.,TRUE,Weather-resistant material,Quick and easy to install,Available in various sizes,Customizable with graphics"
"Tent,Roof + Back,The Roof + Back Tent option offers complete coverage for your outdoor setup, including protection from rain and wind. Perfect for market stalls, events, and exhibitions.,TRUE,Includes roof and back panel for full coverage,Durable, weather-resistant fabric,Easy assembly with secure fittings,Customizable for branding"
"Tent,Roof + Back + Side Half Panel,The Roof + Back + Side Half Panel Tent provides enhanced protection and coverage with additional side paneling, ideal for more extensive outdoor setups and exhibits.,FALSE,Includes roof, back, and half-side panels,Weather-resistant and durable fabric,Easy to set up and disassemble,Customizable with your design or logo"
"Tent,Roof + Back + Full Side Panel,Complete your outdoor event setup with the Roof + Back + Full Side Panel Tent, offering comprehensive protection and privacy with full side coverage.,TRUE,Includes roof, back, and full-side panels,Superior weather resistance,Easy to assemble and disassemble,Customizable for branding and design"
"General Sticker,Mastercast,Mastercast stickers offer high-quality, durable adhesion for a range of surfaces. Perfect for promotional materials, product labels, and custom graphics.,TRUE,Durable adhesive for various surfaces,High-quality printing,Available in multiple sizes and finishes,Ideal for long-term use"
"General Sticker,White,White stickers provide a clean, versatile base for custom designs and branding. Ideal for product labels, decals, and promotional materials.,FALSE,Crisp, white base for clear printing,Strong adhesive properties,Suitable for various surfaces,Customizable with high-resolution prints"
"General Sticker,Polymetric,Polymetric stickers offer excellent durability and flexibility, making them perfect for outdoor applications and high-wear environments.,TRUE,High durability for outdoor use,Flexible and weather-resistant,Customizable with vibrant graphics,Long-lasting adhesion"
"General Sticker,Hi-Tac,Hi-Tac stickers are designed for high-adhesion needs, ensuring your graphics stay in place even in challenging conditions. Ideal for heavy-duty applications.,FALSE,High-adhesion properties,Stays secure in various conditions,Customizable with high-quality prints,Suitable for both indoor and outdoor use"
"General Sticker,Front Adhesive,Front Adhesive stickers are perfect for window graphics and other applications where the adhesive needs to be on the front of the sticker for a clean look.,TRUE,Adhesive on the front for window applications,High-quality, clear printing,Durable and weather-resistant,Easy to apply and remove"
"General Sticker,Clear,Clear stickers offer a seamless look by blending with the background. Ideal for adding subtle branding or decorative elements to any surface.,TRUE,Transparent base for a seamless appearance,High-resolution custom printing,Durable and weather-resistant,Easy to apply and remove"
"General Sticker,Frosted,Frosted stickers provide a translucent, frosted look that adds a touch of elegance to your graphics. Perfect for privacy and decorative purposes.,FALSE,Translucent, frosted finish,Adds a sophisticated touch to designs,Durable and weather-resistant,Easy to apply and maintain"
"General Sticker,One Way Vision,One Way Vision stickers are ideal for window graphics, allowing visibility from the inside while displaying your design on the outside. Perfect for storefronts and vehicle windows.,TRUE,Perforated design for visibility from one side,High-quality, weather-resistant material,Easy to apply and remove,Customizable with vibrant graphics"
"General Sticker,Static Cling,Static Cling stickers are perfect for temporary displays and easy repositioning. Ideal for window graphics, promotional signage, and retail displays.,FALSE,No adhesive; clings to surfaces with static,Easy to reposition and remove,Ideal for smooth surfaces like windows,Customizable with high-quality prints"
"General Sticker,White Ink,White Ink stickers offer a unique printing option, providing a bright and opaque base for vibrant colors on dark or transparent backgrounds.,TRUE,Bright, opaque white ink for vivid colors,Ideal for dark or transparent surfaces,Durable and weather-resistant,High-quality, customizable prints"
"General Sticker,Light Box,Light Box stickers are designed for use with illuminated displays, providing clear and vibrant graphics that shine through when backlit.,TRUE,Designed for backlit applications,High-resolution, vibrant printing,Durable and weather-resistant,Customizable with your graphics"
"General Sticker,Floor Sticker,Floor Stickers are perfect for in-store promotions, wayfinding, and branding on floors. Made to withstand foot traffic and adhere securely to various floor types.,FALSE,Durable and slip-resistant,Ideal for high-traffic areas,Easy to apply and remove without residue,Customizable with high-quality prints"
"General Sticker,Wall Sticker,Wall Stickers offer a versatile and easy-to-install solution for decorating and branding walls. Ideal for both residential and commercial spaces.,TRUE,Easy to apply and remove,High-quality, durable prints,Suitable for smooth wall surfaces,Customizable with various designs and sizes"
"General Sticker,Vehicle Wrapping,Vehicle Wrapping provides a full-color, eye-catching way to advertise on your vehicle. Ideal for businesses looking to turn their vehicles into mobile billboards.,TRUE,Full-color, high-resolution printing,Durable and weather-resistant,Easy to apply and remove,Customizable to fit various vehicle sizes and shapes"
"Computer Die-Cut Sticker,Letter Cutting,Letter Cutting stickers offer precise, die-cut letters for custom signage and branding. Ideal for creating clean and professional text-based designs.,TRUE,Precise die-cut letters,Ideal for custom text-based designs,High-quality, durable materials,Available in various fonts and sizes"
"Computer Die-Cut Sticker,Magnetic,Magnetic stickers are perfect for temporary signage and promotions. Ideal for vehicles, metal surfaces, and magnetic boards.,FALSE,Magnetic backing for easy attachment,Removable and repositionable,Durable and weather-resistant,Customizable with high-resolution prints"
"Computer Die-Cut Sticker,Label,Label stickers are designed for product labeling and organization. Available in various shapes and sizes, they offer a professional look for any application.,TRUE,Versatile shapes and sizes,High-quality, durable adhesive,Customizable with your design,Ideal for product labels and organizational needs"
"Computer Die-Cut Sticker,Backdrop,Backdrop stickers are perfect for creating striking backgrounds at events, trade shows, and exhibitions. Customizable to fit any space and design.,FALSE,Customizable to fit any space,High-quality, vibrant printing,Easy to apply and remove,Durable and suitable for various surfaces"
"Computer Die-Cut Sticker,Window,Window stickers are designed for use on glass surfaces, ideal for storefronts, offices, and promotional displays. They offer clear visibility and vibrant colors.,TRUE,Ideal for glass and transparent surfaces,High-resolution, vivid printing,Easy to apply and remove,Customizable with various designs"
"Computer Die-Cut Sticker,Pops & Photo Frame,Pops & Photo Frame stickers offer a fun and interactive way to display photos and promotions. Ideal for events, retail displays, and personal use.,FALSE,Interactive and customizable designs,High-quality printing for clear images,Easy to apply and remove,Suitable for various surfaces"
"Computer Die-Cut Sticker,Promotional Table,Promotional Table stickers are designed to enhance tables at events and trade shows. Customizable with your brand’s logo or message for maximum visibility.,TRUE,Customizable with high-quality prints,Durable and easy to clean,Ideal for event and trade show tables,Available in various sizes and shapes"
"Computer Die-Cut Sticker,Main-Shaped Standee,The Main-Shaped Standee offers a distinctive, custom-shaped display for events and promotions. Ideal for drawing attention and showcasing your brand.,TRUE,Custom-shaped for unique displays,High-quality, durable materials,Easy to set up and transport,Ideal for events and trade shows"
"Computer Die-Cut Sticker,Lucky Draw Box,The Lucky Draw Box is perfect for promotional events and raffles. Customizable with your branding and designed to attract participants.,FALSE,Customizable with your brand’s design,Durable and easy to set up,Ideal for promotional draws and raffles,Portable and eye-catching"
"Mounting Box,Foam Eco,Foam Eco mounting boxes provide an eco-friendly solution for displays and presentations. Made from recycled materials, they are both sustainable and effective.,TRUE,Made from eco-friendly materials,Lightweight and durable,Easy to assemble and customize,Ideal for presentations and displays"
"Mounting Box,Foam Rigit,Foam Rigit mounting boxes offer sturdy support for various display applications. Ideal for trade shows, exhibitions, and promotional events.,TRUE,Rigid foam construction for durability,Lightweight and easy to handle,Customizable for different display needs,Easy to assemble and disassemble"
"Mounting Box,PP Hollow,PP Hollow mounting boxes provide a durable and lightweight option for displays. Perfect for trade shows, exhibitions, and temporary setups.,FALSE,Lightweight and durable polypropylene material,Easy to assemble and transport,Customizable with various sizes and designs,Suitable for both indoor and outdoor use"
"Mounting Box,PVC Board,PVC Board mounting boxes offer a strong, rigid option for displays. Ideal for signs, presentations, and promotional materials.,TRUE,Sturdy PVC construction,Customizable with high-quality prints,Durable and weather-resistant,Easy to set up and transport"
"Mounting Box,Cardboard Stand,Cardboard Stands are an economical and versatile option for displays and promotional materials. Ideal for temporary setups and lightweight displays.,FALSE,Cost-effective and versatile,Easy to assemble and customize,Lightweight and portable,Suitable for short-term use"
"Mounting Box,Tripod Display,Tripod Displays offer a portable and adjustable solution for showcasing graphics and signage. Ideal for trade shows, presentations, and events.,TRUE,Adjustable height and angle,Lightweight and easy to transport,Customizable with various graphics,Sturdy and stable design"
"Mounting Box,Man-Shaped Standee,The Man-Shaped Standee is a life-sized, eye-catching display ideal for promotions and events. Customizable with your branding for maximum impact.,TRUE,Life-sized, customizable design,High-quality, durable materials,Easy to set up and transport,Ideal for promotions and events"
"Display System,Roll-Up Banner,The Roll-Up Banner is a portable and easy-to-use display solution for trade shows, events, and presentations. Featuring a retractable design for convenience.,TRUE,Features,Retractable design for easy setup,High-quality, customizable graphics,Lightweight and portable"
"Display System,X Frame,The X Frame display system offers a stable and adjustable solution for showcasing graphics and banners. Ideal for trade shows, retail spaces, and events.,TRUE,Features,Adjustable frame for various sizes,Stable and durable construction,Customizable with high-resolution graphics"
"Display System,T Stand,T Stand displays provide a versatile and easy-to-use solution for promoting your brand. Perfect for indoor and outdoor events, retail spaces, and trade shows.,FALSE,Features,T-shaped stand for stable display,Customizable with various graphics,Lightweight and portable"
"Display System,Handheld Board,Handheld Boards are ideal for mobile promotions and events. Lightweight and customizable, they offer a practical solution for engaging with your audience.,TRUE,Features,Lightweight and easy to carry,Customizable with your design or message,Ideal for mobile promotions and events"
"Display System,Promotional Table,The Promotional Table system enhances your trade show or event setup with a stylish and functional display. Customizable with your branding for a professional look.,TRUE,Features,Customizable with high-quality prints,Easy to assemble and disassemble,Durable and stable design"
"Display System,Door Stand,The Door Stand is perfect for promoting messages or advertisements directly on doorways. Customizable and versatile for various marketing needs.,FALSE,Features,Customizable with your design,Easy to attach to door surfaces,Durable and weather-resistant"
"Display System,Bunting,Bunting flags are perfect for decorating events, fairs, and storefronts. Available in various colors and designs to enhance your promotional activities.,TRUE,Features,Vibrant colors and designs,Lightweight and easy to hang,Durable, weather-resistant fabric"
"Display System,Signboard,Signboards offer a robust and professional solution for advertising and directional signage. Ideal for businesses, events, and public spaces.,TRUE,Features,High-quality, durable construction,Customizable with various graphics,Suitable for both indoor and outdoor use"
"Poster & Lightbox,Indoor Poster,Indoor Posters are perfect for promoting events, products, and messages within indoor environments. Customizable with high-resolution graphics for maximum impact.,TRUE,High-quality printing for vibrant colors,Ideal for indoor use,Customizable sizes and designs,Durable and easy to install"
"Poster & Lightbox,Outdoor Poster,Outdoor Posters are designed to withstand weather conditions while delivering impactful advertising. Ideal for outdoor events, promotions, and signage.,TRUE,Weather-resistant material,High-resolution, durable printing,Customizable for various outdoor settings,Easy to install and maintain"
"Poster & Lightbox,Light Box Film,Light Box Film is designed for use with illuminated light boxes, providing vibrant and eye-catching graphics that stand out in any setting.,TRUE,Designed for backlit light boxes,High-quality, vibrant printing,Durable and weather-resistant,Customizable with your graphics"
"Poster & Lightbox,Light Box Banner,Light Box Banners offer a dynamic way to display your message with backlighting, ensuring high visibility and impact. Ideal for advertising and promotional displays.,TRUE,High-resolution, backlit printing,Durable and weather-resistant,Customizable sizes and designs,Easy to install and replace"
"Backdrop,Portable,Portable Backdrops are ideal for events and trade shows, providing a professional and easy-to-transport solution for showcasing your brand or message.,TRUE,Features,Lightweight and easy to carry,Quick setup and takedown,Customizable with high-resolution prints"
"Backdrop,Fabric Wall,The Fabric Wall backdrop offers a sleek and elegant solution for trade shows, exhibitions, and presentations. Made from high-quality fabric for a smooth finish.,TRUE,Features,High-quality, wrinkle-resistant fabric,Customizable with your design,Easy to assemble and disassemble"
"Backdrop,Traditional Wall Unit,The Traditional Wall Unit provides a classic and robust display option for exhibitions and trade shows. Features a durable construction for a professional presentation.,TRUE,Features,Sturdy and durable construction,Customizable with various graphics,Ideal for trade shows and exhibitions"
